Name,DOB,Party,notable_achievements
Washington,1732-02-22,"George Washington did not belong to any political party
. He ran as a nonpartisan candidate in both presidential elections he participated in.","Here are the three most important achievements of President George Washington, presented in list format:
Leading the Continental Army to victory in the American Revolutionary War

Washington's military leadership was crucial in defeating the British and securing American independence. As Commander-in-Chief, he led the colonial forces through six grueling years of war, ultimately forcing the surrender of British forces at Yorktown in 1781.
Establishing precedents for the presidency and federal government

As the first U.S. President, Washington set numerous important precedents that shaped the role of the executive branch. These included forming the first presidential cabinet, establishing a two-term limit, and defining the president's role in foreign policy. He also helped implement a strong, well-financed national government.
Playing a pivotal role in the creation and ratification of the U.S. Constitution

Washington was instrumental in calling for and presiding over the Constitutional Convention in 1787. His support for the new Constitution was crucial in convincing states to ratify it, replacing the weaker Articles of Confederation and establishing a more effective federal government."
J. Adams,1735-10-30,Federalist Party,"Based on the search results and historical significance, the three most important achievements of President John Adams can be listed as follows:
Avoiding war with France: Adams successfully negotiated peace with France, ending the Quasi-War and securing the Treaty of Mortefontaine in 1800. This diplomatic achievement maintained American neutrality and established a peaceful trade relationship with France
.
Strengthening the U.S. Navy: Adams is often referred to as the ""father of the American Navy"" due to his leadership in naval defense. He significantly built up the Navy during his presidency, which proved crucial for protecting American interests and commerce
.
Establishing important government institutions: Adams signed laws that created enduring American institutions, including:
The Act for the relief of sick and disabled seamen, which established a government-operated marine hospital service
The law establishing the Library of Congress
Being the first president to reside in the White House, setting a precedent for future administrations
These achievements demonstrate Adams' contributions to American diplomacy, national defense, and the development of key government institutions that continue to impact the United States today."
Jefferson,1743-04-13,Democratic-Republican Party,"Based on the search results and historical consensus, Thomas Jefferson's three most important achievements are typically considered to be:
Authoring the Declaration of Independence
Drafting the Virginia Statute for Religious Freedom
Founding the University of Virginia
These three accomplishments were so significant to Jefferson himself that he had them inscribed on his tombstone, omitting his presidency and other political offices
. Each of these achievements had a profound and lasting impact:
The Declaration of Independence articulated the fundamental principles of American democracy and human rights
.
The Virginia Statute for Religious Freedom established the separation of church and state and protected religious liberty
.
The University of Virginia pioneered new approaches to higher education in America
.
While not included on his tombstone, the"
Madison,1751-03-16,Democratic-Republican Party,"Based on the search results and historical significance, the three most important achievements of President James Madison can be listed as follows:
Drafting and promoting the Constitution of the United States, earning him the title ""Father of the Constitution""
Writing and advocating for the Bill of Rights, which protected individual liberties and became a cornerstone of American democracy
Leading the United States during the War of 1812, which helped establish the nation's sovereignty and respect on the international stage
These achievements had lasting impacts on the structure of American government, the protection of individual rights, and the country's standing as an independent nation."
Monroe,1758-04-28,Democratic-Republican Party,"Based on the search results and historical consensus, the three most important achievements of President James Monroe are:
The Monroe Doctrine: Issued in 1823, this foreign policy statement warned European powers against further colonization or intervention in the Americas. It became a cornerstone of U.S. foreign policy for decades to come
.
The Missouri Compromise: Monroe played a crucial role in negotiating and implementing this 1820 agreement, which helped maintain the balance between free and slave states, temporarily easing sectional tensions over slavery
.
The acquisition of Florida: In 1819, Monroe's administration successfully negotiated the purchase of Florida from Spain, significantly expanding U.S. territory and resolving longstanding border disputes
.
These achievements demonstrate Monroe's skill in foreign"
J. Q. Adams,1767-07-11,Whig Party,"Based on the search results, the three most important achievements of President John Quincy Adams can be summarized as:
Securing federal funding for new roads and canals, demonstrating his commitment to improving national infrastructure
.
Formulating the Monroe Doctrine as Secretary of State, which shaped U.S. foreign policy for decades and asserted American influence in the Western Hemisphere
.
Breaking ground for the 185-mile Chesapeake and Ohio (C&O) Canal in 1828, furthering his vision of connecting the country through improved transportation networks
.
While these achievements are significant, it's worth noting that many of Adams' most"
Jackson,1767-03-15,Democratic Party,"Based on the search results and historical significance, the three most important achievements of President Andrew Jackson can be listed as follows:
Resolving the Nullification Crisis of 1832-1833
Jackson successfully navigated this constitutional crisis when South Carolina attempted to nullify federal tariffs. He took a strong stance against nullification while also working out a compromise, preserving federal authority and the Union
.
Dismantling the Second Bank of the United States
Jackson vetoed the renewal of the Second Bank's charter and removed federal deposits, effectively ending its power. While controversial, this action reshaped the American financial system and was a defining moment of his presidency
.
Expanding executive power and popularizing the presidency
Jackson significantly strengthened the role of the president, using vetoes more frequently than his predecessors and appealing directly to the people. He transformed the office into a more powerful and populist position, setting precedents for future presidents
.
It's worth noting that while the Indian Removal Act of 1830 was a major event during Jackson's presidency, it is generally"
Van Buren,1782-12-05,Democratic Party,"Based on the search results, the three most important achievements of President Martin Van Buren can be listed as follows:
Establishing the Independent Treasury System: Van Buren successfully fought for and signed the Independent Treasury Act in 1840, which ""divorced"" the federal Treasury Department from its relationship with all banks. This was a significant reform of the financial system at the time
.
Maintaining peace with Britain and Canada: Van Buren skillfully managed diplomatic tensions arising from the Canadian Rebellion of 1837 and the Caroline incident. His neutral stance and peace appeals helped prevent the escalation of conflicts along the northern border
.
Founding the modern Democratic Party: Although this occurred before his presidency, Van Buren's role in creating a cohesive and unified political organization is considered one of his most significant and lasting contributions to American politics
.
It's worth noting that while"
W. H. Harrison,1773-02-09,Whig Party,"Based on the search results, here are the three most important achievements of President William Henry Harrison, presented in list format:
Military victories against Native American tribes, particularly the Battle of Tippecanoe in 1811, which disrupted Tecumseh's confederacy and brought Harrison national fame
.
Leadership during the War of 1812, including his victory at the Battle of the Thames in 1813, where he defeated combined British and Native American forces and killed Tecumseh
.
Successful negotiation of numerous treaties with Native American tribes as Governor of the Indiana Territory, acquiring millions of acres of land for American settlement, including two million acres along the Wabash River in 1809
.
It's important to note that while these achievements were significant in shaping the Northwest Territory and expanding American settlement"
Tyler,1790-03-29,"John Tyler belonged to the Whig Party
.","Based on the search results, the three most important achievements of President John Tyler can be listed as follows:
Establishing the presidential succession precedent: Tyler set a crucial precedent by immediately assuming full presidential powers and taking the oath of office upon William Henry Harrison's death, establishing the process for vice presidential succession to the presidency
.
Annexation of Texas: Tyler successfully annexed Texas into the Union, signing the statehood bill into law just days before leaving office, which significantly expanded U.S. territory
.
Webster-Ashburton Treaty: This 1842 treaty, negotiated by Secretary of State Daniel Webster, settled a contentious border dispute with Britain regarding the northeastern boundary between the United States and Canada, improving relations with Great Britain
."
Polk,,,
Taylor,,,
Fillmore,,,
Pierce,,,
Buchanan,,,
Lincoln,,,
A. Johnson,,,
Grant,,,
Hayes,,,
Garfield,,,
Arthur,,,
Cleveland,,,
B. Harrison,,,
Cleveland,,,
McKinley,,,
T. Roosevelt,,,
Taft,,,
Wilson,,,
Harding,,,
Coolidge,,,
Hoover,,,
F. D. Roosevelt,,,
Truman,,,
Eisenhower,,,
Kennedy,,,
L. B. Johnson,,,
Nixon,,,
Ford,,,
Carter,,,
Reagan,,,
G.H.W. Bush,,,
Clinton,,,
G. W. Bush,,,
Obama,,,
